tamsulosin_0.4937841091562648	За долгие годы широкого применения препарат "Тамсулозин" зарекомендовал себя как очень эффективное и недорогое средство лечения гиперплазии предстательной железы, хронического простатита и конкрементов нижней трети мочеточника. Данный препарат имеет некоторые побочные эффекты, например, ретроградная эякуляция.	1
tamsulosin_0.5015312218368639	В практике не увидел пользы при простатите без нарушения мочеиспускания. Безопасный препарат с прослеживающим эффектом на качество мочеиспускания. Возможен длительный прием. Часто вызывает ретроградную эякуляцию и уменьшения объема эякулята. Что "пугает" пациентов. После отмены восстановление через 2-4 дня.	1
tamsulosin_0.4297266627654541	Очень эффективный препарат в комплексном лечении доброкачественной гиперплазии предстательной железы, хроническом простатите и других заболеваний нижних мочевыводящих путей, проявляющимися симптомами обструкции. Хорошее соотношение цены и качества. Из побочных действий надо отметить сравнительно частую ретроградную эякуляцию.	1
tamsulosin_0.8985106259040827	Удачное соотношение цены и качества. Современный препарат для лечения симптомов доброкачественной гиперплазии простаты. Минимально действует на АД. Снижает частоту мочеиспускания, улучшает напор струи мочи. Кроме того, при почечной колике расслабляет мышечный слой мочеточника, что способствует более легкому отхождению камня. Иногда вызывает ретроградную эякуляцию, что пугает непредубеждённых об этом мужчин.	1
omnic_0.13804710429268185	Один из наиболее известных селективных альфа-адреноблокаторов. Отличается достаточной эффективностью, минимумом побочных эффектов, высокой доступностью - препарат распространен повсеместно. Есть возможность назначения сразу на длительный курс. Относительная дороговизна	0
prostamol-uno_0.327866133627409	Даже на последней Московской урологической школе (сентябрь 2018), профессор Винаров выступил  с докладом о Serenoa repens. Наиболее  интересные исследования препарата "Простамол Уно" были проведены в Урологической клинике ММА им. И. М. Сеченова профессорами Аляевым, Винаровым, Евдокимовым, Локшиным и Спиваком. У меня нет оснований им не доверять. Согласен с коллегами. Отвергал препарат до того момента, как сам решил ознакомиться с последними данными, опубликованными на PuBMeD о serenoa repens, которая является основным компонентом препарата "Простамол Уно". В них  было убедительно продемонстрировано, что экстрат Сереноа репенс оказывает благоприятное противовоспалительное действие на более, чем 73% биомаркеров. На сегодняшний день есть масса публикаций, где убедительно доказана роль хронического воспаления в прогрессировании ДГПЖ. Хроническое воспаление признано основным фактором прогрессии. В связи с чем, возможно использование в комплексной терапии, а также в качестве возможных вариантов профилактики прогрессии ДГПЖ. Не включен в клинические рекомендации.	0
prostamol-uno_0.3704676650377243	Было время, на протяжении около года работал с пациентами, 90% которых составляли мужчины преклонного возраста. "Простамол Уно" - их любимый препарат. Пьют годами, толка не видят, но всё равно пьют, надеясь на чудо. Хороший препарат для самоуспокоения. Препарат, возможно, работает только при комплексной терапии. В качестве монотерапии абсолютно бесполезен.	0
prostamol-uno_0.6836487403893439	Рекламный БАД, не более! Хочу отметить, что все препараты, которые со временем попадают в рекламный эфир, становятся всё хуже и хуже (ну по крайней мере, в моей практике именно так). Полностью отвергаю этот препарат! Все пациенты, которые берут его самостоятельно не отмечают эффекта! Из 10 пациентов 1 максимум случай положительного эффекта в составе, разве что, комплексной терапии.	0
prostamol-uno_0.4083102220758449	Редко использую в клинической практике из-за высокой стоимости при незначительном клиническом эффекте. Препарат больше относящийся к БАДам, чем к лекарственному препарату. Относится к лекарственным препаратам, не входящим в национальные руководства по лечению заболеваний простаты. Не высокий клинический эффект.	0
speman_0.12284892307319173	Препарат лучше работает в том случае, если назначен врачом. При простатите работает в сочетании с основными препаратами. При нарушении фертильности работает избирательно. Прекрасный препарат для лечения EPR. Один из самых эффективных, но только именно при этом состоянии, если оно представлено в чистом виде. Недостаточно эффективен при лечении ускоренного семяизвержения, вызванного синдромом парацентральных долек.	0
speman_0.3565717528414395	Препарат для лечения бесплодия, хронического простатита, стимуляции сперматогенеза, стимуляции либидо, терапии доброкачественной гиперплазии предстательной железы, улучшения качества спермы и так далее, короче, лечит всё. Препарат за недорого, который лечит всё. Неоправданные ожидания пациентов, при самостоятельном приёме.	0
speman_0.7557671634699203	Только по назначению врача. Спемана оказывает простатотропный эффект за счет улучшения микроциркуляции, стимуляции сперматогенеза, а также противовоспалительного действия. Надо отметить, что при терапии спеманом снижаются застойные явления в предстательной железе и уменьшаются дизурические нарушения. Отдельный эффект состоит в том, что повышается подвижность сперматозоидов и снижается вязкость спермы. Дороговизна.	0
speman_0.23908325233336525	Возможно использование препарата в качестве стимуляции либидо и улучшении эрекции, но дозировка должна быть увеличена в два раза. Дешевый препарат с минимумом побочных эффектов. Эффективность стимуляции сперматогенеза - не доказана, что отчетливо видно в практике применения, но если долго принимать "то помогает".	0
speman_0.7229438709747991	В настоящее время препарат редко применяется. Уже давно не применяется в комплексной терапии доброкачественной гиперплазии предстательной железы и хронического простатита. Переносимость препарата хорошая, но он малоэффективен.  По сравнению с  новыми препаратами малоэффективен при лечении нарушений половой функции у мужчин.	0
vitaprost_0.6877525844449499	Препарат может быть использован как в комплексном лечении простатита, так и в виде монотерапии. Эффективный препарат, оказывающий положительное влияние на купирование симптомов простатита и при начальных стадиях доброкачественной гипертрофии простаты. Высокая цена, которая связана с использованием импортного сырья.	0
vitaprost_0.6808705538967555	Хорошо разрекламированный отечественный препарат для лечения заболеваний предстательной железы - хронического простатита и доброкачественной гиперплазии простаты, снижает симптомы воспаления, улучшает мочеиспускание, возможно, оказывает положительное действие на эякулят. Достаточно высокая стоимость препарата.	0
vitaprost_0.8014402710009934	Помимо улучшения мочеиспускания и общего состояния предстательной железы, пациенты старше 35 лет часто отмечают положительный эффект в эректильной функции. За время систематического назначения в составе комплексной терапии, отметил улучшения структурности железы по данным УЗИ. Отлично подойдет как для подготовки к курсу массажа или лазерного лечения, так и во время! Отличный препарат в качестве комплексной терапии в лечении хронического и острого простатита. Пациенты отмечают положительный эффект уже на втором приёме. Побочные явления не беспокоят. Немного завышена цена.	0
vitaprost_0.3608587164523501	За 15-летний возраст препарата срок хранения вырос с 6 месяцев до 2 лет. Топическое воздействие на анатомическое пространство делает лечение суппозиториями "Витапрост" - уникальным и с точки зрения психологов. Лечение пациентов в регионах с жарким климатом доставляет ряд неудобств как для пациентов,так и для фармфирм.	0
avodart_0.44765273407088724	Требуется контроль ПСА и ТРУЗИ, прием строго по назначению врача. Высокий уровень эффективности препарата с доказанными практическими наблюдениями через 4-6 месяцев после курсового приема. Снижение объема ПЖ у 70% пациентов с объемом железа более 60 куб. см. на 20-30 куб. см. Хорошие качественные доказательные базы по эффективности препарата и мировая практика применения. Наличие комбинированной формы "Дуодарт". Побочные действия: снижение либидо, снижение уровня тестостерона, астено-вегетативный синдром, геникомастия. Цена препарата и длительность приема.	0
avodart_0.6537147412837343	После назначения этого препарата, на 6 месяцев, обязательно нужно делать ТРУЗИ простаты и сравнивать с предыдущим ТРУЗИ, чтобы оценить эффективность. Препарат "Аводарт", как заявляет производитель, влияет непосредственно на рост самой аденомы простаты, уменьшая её. Но при применении, оказывается не эффективен, т.к. положительный эффект наступает в 10% случаев. Вызывает побочные эффекты, в виде эректильной дизфункции. При комбинированной терапии, этот препарат обходится дорого, особенно пенсионерам.	1
avodart_0.1643367337862084	Может быть назначен в виде монотерапии гиперплазии предстательной железы, строго по назначению врача-уролога. "Аводарт" (дутастерид) - второй по значимости (после "Омника") препарат в моей ценностной линейке консервативной терапии гиперплазии предстательной железы, осложнённой значительной странгурией. И если "Омник", без сомнения, Ленин этой революции в урологии, то "Аводарт" её великолепный Троцкий. За счёт блока фермента  5 -альфа редуктазы, "Аводарт" избирательно подавляет патологический рост тканей предстательной железы. Более того, он способен при регулярном приёме регрессивно уменьшать её объём более, чем на 40 процентов! Не забывайте, что это именно та штука, которая перекрыла мочеиспускательный канал, и из-за которой, вы не можете мочиться нормально! Раньше такой эффект для урологов был немыслим, и речь шла только об оперативном лечении! Более того, в начале 20 века, широко применялась двусторонняя кастрация в целях уменьшения избыточной выработки тестостерона! Понимаете, что это значит, учитывая, что сейчас аденома предстательной железы "помолодела" и таким пациентам, зачастую, насчитывается едва ли более 50 лет?! Побочные эффекты в виде снижения потенции, либидо, увеличения молочных желёз, депрессии. Но что поделать, господа!	1
avodart_0.4682004353525432	Необходим длительный приём препарата (несколько лет) под наблюдением уролога. Официально длительность терапии до настоящего времени не определена. Часто препарат ошибочно назначается всего на 6 месяцев, что недостаточно для достижения стойкого клинического эффекта. В соответствии с рекомендациями производителя препарата 6 месяцев - это минимальный срок, когда возможно зафиксировать положительную динамику от приёма лекарства. Препарат следует применять исключительно по назначению и под наблюдением врача, так как диагностика заболеваний предстательной железы и других причин нарушения мочеиспускания, а так же подбор лечения задача весьма сложная. Препарат для патогенетической терапии при гиперплазии предстательной железы (аденоме простаты). Позволяет остановить прогрессирование заболевания и добиться уменьшения размеров железы. При своевременном начале лечения во многих случаях позволяет избежать необходимости выполнения операции. Высокая цена. Возможны побочные эффекты, вынуждающие пациента прекратить лечение.	0
urorec_0.5445929184842697	Есть возможность назначения сразу на длительный курс Самый селективный альфа-адреноблокатор. Отличается достаточной эффективностью, есть, в отличие от тамсулозина, более высокая дозировка. Относительная дороговизна и достаточно частый побочный эффект - ретроградная эякуляция.	1
prostacor_0.9742251660364211	Регулярно использую в клинической практике. Иногда использую двойную дозировку. Ни разу не наблюдал побочных действий. Хороший препарат с отсутствием побочных действий. Обладает выраженным органотропным действием. Выражен противовоспалительный эффект. Иногда наблюдается улучшение эректильной функции. Мог быть чуть подешевле.	0
omnic_0.2839720602378676	Отличный препарат для симптоматического лечения обструктивного мочеиспускания у мужчин с заболеванием предстательной железы, таких как ДГПЖ, хронический простатит структуры нижних мочевыводящих путей и мочекаменной болезни. Ретроградная эякуляция при длительном использовании более 2 недель и снижение артериального давления у некоторых пациентов.	1
omnic_0.39876656244543573	Иногда использую в клинической практике. Качественный препарат для лечения нарушений мочеиспускания при всех формах простатитов и доброкачественной гиперплазии предстательной железы. Достаточно высокая стоимость, что связываю с активной рекламной политикой фармкомпании, иногда клинического эффекта не достаточно.	0
fokusin_0.8554285314638769	"Рабочая лошадка" среди селективных альфа-адреноблокаторов. Отличается достаточной эффективностью, минимумом побочных эффектов, хорошей ценовой доступностью. Есть возможность назначения сразу на длительный курс (упаковка по 90 таблеток). Эффективность, ценовая доступность. Побочный эффект - ретроградная эякуляция (редко).	1
fokusin_0.3829364273319986	Как врач УЗИ, сталкиваюсь и с пациентами, страдающими ДГПЖ. "Фокусин" ( Эффект отмечают большинство пациентов, в отличие от такого препарата как "Простамол". Переносится хорошо. Из побочных действий, о которых предупреждает инструкция в реальной жизни встречается ортостатическая гипотензия, но редко.	1
fokusin_0.8260004352727269	Хорошее соотношение цены/качества/эффекта, использую в клинической практике. Хороший качественный препарат, относящийся к альфа-адреноблокаторам, применяется при нарушениях мочеиспускания при заболевании предстательной железы. Иногда может вызывать ретроградную эякуляцию, но не часто, иногда отсутствует клинический эффект.	1
speman_0.2205687340110427	Препарат довольно старый, но тем не менее работающий. Советую использовать его для улучшения сперматогенеза. Конечно, как монотерапия его недостаточно, но в комплексном лечении принесёт положительный эффект. При лечении бесплодия повышает подвижность сперматозоидов и снижает количество патологических форм. При лечении хронического простатита реальный эффект ниже заявленного.	0
vitaprost_0.7092352676943477	Назначаю в комплексной терапии совместно с другими препаратами согласно стандартам, и бывают случаи, когда свечи выпадают из списка из-за высокой цены. Эффективный препарат для лечения хронического простатита в виде суппозиториев, обладают достаточно хорошим противовоспалительным действием, снимают отёк, уменьшают болевые ощущения, улучшают мочеиспускание. Высокая цена препарата.	0
avodart_0.6374829878962108	Перед выполнением анализа на ПСА, на забывайте уточнять у пациента о возможном его применении данного препарата. "Аводарт" снижает уровень ПСА в 2 раза, что может привести к неправильной трактовке результатов анализа. Оригинальный, комбинированный препарат в лечении доброкачественной гиперплазии предстательной железы. Удобная кратность приёма. Часто применяемый препарат в подготовке перед оперативным вмешательством по поводу гиперплазии простаты. Длительность применения препарата, из этого в отношении курса препарат далеко не бюджетный.	0
avodart_0.0864093315140525	Очень редко использую в клинической практике по причине крайней дороговизны. Оригинальный высококачественный и эффективный препарат для лечения доброкачественной гиперплазии простаты. Крайне высокая стоимость препарата, тем более подразумевается длительное лечение, возможно годами. Возможно развитие эректильной дисфункции.	1
phenibut_0.36234397292241893	Более удобен для приема "Анвифен" за счет капсульной формулы выпуска. Довольно хороший препарат для пациентов геронтологического профиля. Достаточно 250 мг к ночи, можно запивать молоком или некрепким чаем с 1-2 чайными ложками меда. Довольно-таки неприятный кислый вкус, портит эмаль, вызывает изжогу, запоры и боли в эпигастральной области.	0
urorec_0.4173137105967303	Селективный альфа адреноблокатор применяется при лечении нарушений мочеиспускания у пациентов с доброкачественной гиперплазией простаты, хронических простатитах. Не использую в клинической практике из-за высокой частоты ретроградной эякуляции. Регулярно вызывает ретроградное семяизвержение, что совсем не нравится пациентам.	1
fenotropil_0.9258209436781951	Препарат выбора при лечении абстинентных состояний с астеническими расстройствами. Ноотропный препарат с выраженным психостимулирующим действием. Широко использую для купирования астенических расстройств в постабстинентном состоянии в наркологической практике. Обладает энергизирующим действием, быстро восстанавливает активность и трудоспособность. Улучшает когнитивные функции. Часты побочные в виде артериальной гипертензии, головокружения, нарушений сна. Относительно высокая цена.	1
fenotropil_0.2041193226732747	Пробовала на себе, активность и работоспособность стала значительно выше. Хороший  Дороговато по цене.	0
nasonex_0.15704503980883933	При грамотном применении практически отсутствуют побочные действия, хороший препарат, но перед применением обязательна консультация лор-врача и аллерголога. Рекомендую. Высокоэффективный препарат для лечения всех форм аллергического ринита, возможно длительное применение. Стоимость достаточно высокая.	0
phenibut_0.666512118441874	Несмотря на некоторые минусы для лечения астении, тревоги, страха, состояния беспокойства, бессонници, лечении последствий алкоголизма, а именно психопатологических и соматовегетативных растройств при абстинентном синдроме препарат просто незаменим. Отличный ноотропный препарат, обладающий транквилизирующим, психостимулирующий, антиагрегантным и антиоксиданты действием и именно в таком порядке по силе действия. Сильно варьирует цена отечественных и зарубежных производителей, хотя большой разницы нет. При длительном приеме, свыше 1 мес., часто вызывает обратный эффект, с усилением тревоги и паники, поэтому хорош в примирении не на продолжительные курсы лечения: 14-28 дней. Т.к. этот препарат  ГАМК является кислотой, у людей с хроническими заболеваниями ЖКТ часто вызывает их обострение при длительном приеме и требует использования гастропротекторов.	1
phenibut_0.2147885568082507	Обычно доступен в любой аптеке по приемлемой цене. Лёгкий, хорошо переносимый большинством пациентов препарат. Удобный в применении. Удачно сочетается с ноотропными и седативными средствами, усиливая их эффект. Благоприятно влияет на интеллектуальную активность, хоть и временно. Иногда вызывает изжогу или дискомфорт в желудке.	1
singulair_0.18395366855435258	"Сингуляр" - препарат, который находится на высоком счету у врачей-пульмонологов. Достойный препарат, который великолепно занял нишу в лечении и контроле сезонной и не только аллергии. Очень эффективный препарат "Сингуляр", который очень часто назначают в пульмонологических отделениях. Цена могла быть ниже.	0
grandaxin_0.12294030002918166	Использую "Грандаксин" у пациентов с психосоматическими тревожными состояниями , связанными с уро - андрологической тематикой (рецидивирующий простатит, эректильная дисфункция), а также когда эти тревожные состояния и депрессия возникают уже вторично, на фоне перечисленных состояний, эффективно нормализует сон у этой группы пациентов.Действует быстро. Иногда бывает сонливость, диспептические расстройства. Отменять препарат нужно постепенно - часто  развивается  абстинентный синдром!	1
grandaxin_0.21103367714079546	Прекрасно устраняет раздражительность, повышенную возбудимость, агрессию. Также эффективен в отношении панических атак, тревоги, страха, нарушениях сна. Хороший, эффективный дневной транквилизатор. Не вызывает сонливости и снижения концентрации внимания. Продаётся только по рецепту. Достаточно дорогой по цене.	0
grandaxin_0.6601800134867193	Хорошее средство для лечения тревожных состояний у работающих. Не подавляет конгнитивных функций. Дневной транквилизатор с легким противотревожным эффектом. Не вызывает сонливости и заторможенности. Легко переносится. Подходит для использования детям и пожилым. В наркологической практике использую в терапии абстинентов и постабстинентных состояний. Эффективен при лечении легких невротических расстройств. Рецептурный препарат.	0
grandaxin_0.8249476682106375	Эффективный препарат выбора  для лечения последствий органических поражений ЦНС и в неврозологии. Грандаксин успешно использую как препарат выбора при лечении абстиненции у алкоголиков и наркоманов, особенно в последующие дни после купирования абстиненции, хорошо убирает чувство немотивированной тревоги, страх, проявления астении в комплексе с другими препаратами. Возможна умеренная сонливость, аллергические реакции.	1
grandaxin_0.46885031456560977	Один из любимых препаратов, которые часто назначают неврологи. Препарат зарекомендовал себя с хорошей эффективностью. Однако, он накопительного действия. К сожалению, не каждому подходит. В 90% случаев положительная динамика. В детской практике не применяется. Достаточно дорогой препарат, не каждый может себе позволить.	0
fenotropil_0.3096681052515631	Препарат с быстро наступающим, ярко выраженным эффектом.  Ввиду возможных побочных эффектов требует тщательного соблюдения дозировки и учёта времени суток для приёма препарата (исключить вечернее время). Эффективность препарата - повышает работоспособность, выносливость, концентрацию внимания, память. Легкий гипертимный эффект. Быстрое наступление эффекта. Высокая цена. Побочные эффекты в виде ажитации, нарушений сна (особенно при высокой дозировке или индивидуальной чувствительности).	1
fenotropil_0.6633660906969863	Препарат для космонавтов Эффективность препарата, удобство приёма. Стоимость препарата. У ряда пациентов вызывает излишнюю активность.	1
nasonex_0.3126464821769128	Часто назначаю перед операциями на пазухах носа и в послеоперационном периоде. Хороший препарат, оригинальный, стероидные гормоны не всасываются через слизистую носа. Высокая эффективность. Не сушит слизистую. Можно назначать детям с двух лет. Цена выше чем у аналогов и заменителей, но оправдана эффективностью	0
nasonex_0.10360325548356819	Хорошее и стоит хорошо. Хороший препарат, относящийся к местным глюкокортикостероидам. Он очень хорошего качества, производится в Бельгии. Коллеги из Западной Европы и США часто назначают назонекс. В своей практике я его назначаю после оперативного лечения (операция на носовой перегородке, носовых раковинах). Эффект от операции удваивается. В последнее время педиатры часто стали назначать его маленьким детям, а что потом если с детства лечить гормонами.	0
nasonex_0.4012548121251538	Очень важно использовать "Назонекс" курсом, объяснять пациенту, что эффект не развивается мгновенно, как при использовании сосудосуживающих препаратов. Учитывая эффективность, цена препарата допустима. Отличный препарат для лечения аллергического ринита, в том числе аллергического ринита, сопровождающего бронхиальную астму. Хороший, стойкий эффект, который развивается в течение 4-5 дней от начала приёма. Купирует не только назальные симптомы: в стандартной дозе уменьшает аллергическую реакцию глаз, носоглотки, среднего уха. Разрешен детям с 2 лет. Часто его назначаю и детям, и взрослым. При длительном использовании возможны кровотечения из носа. Эффект наступает недостаточно быстро.	1
nasonex_0.20843479989611724	На сегодняшний день, лучший назальный стероид. Отлично работает при аллергическом рините. В отличие от многочисленных дженериков не вызывает сухость слизистых и действует до 24 часов.  Доступен в аптеках. Можно назначать детям с 2-летнего возраста. Цена выше, чем у дженерических препаратов, но это оправдывается качеством продукта.	0
nasonex_0.8902342832837872	Препарат супер, за время использования препарата доказал свою эффективность в лечении различных ринитов разных этиологий, гипертрофии аденоидов у деток, и самое главное, почти без побочных эффектов за всё время. Качество препарата (реально работает). Назначаю его длительное время, пока не подводил. Высокая цена, по сравнению с аналогами (	0
nasonex_0.42606424337024806	Хороший препарат, блокирует все симптомы аллергического ринита достаточно быстро. Не оказывает системного действия, безопасен, возможно использование при беременности. Действует согласно инструкции, снимает заложенность носа, чихание и зуд. Периодически небольшая сухость в носу, очень редко носовые кровотечения.	1
ketotifen_0.23509176106278373	Этот препарат не подходит для купирования острых аллергических реакций, так как эффект развивается от нескольких дней до недели, потому имеет свой ограниченный круг показаний. Необходимо проведение длительного курса. Давно известный и на время забытый врачами и пациентами препарат, который имеет свою чёткую нишу и просто незаменим в некоторых случаях, например при некоторых видах крапивницы, при подготовке к сезонному обострению аллергического ринита и так далее. Обладает уникальным механизмом действия. не имеющим аналогов. У некоторых пациентов отмечается сонливость.	1
ketotifen_0.7315205636962993	Для купирования аллергических реакций немедленного типа не подходит. В сочетании с антигистаминными препаратами 2 и 3-го поколения стойкий эффект. Длительность приема не менее 4 месяцев. Отмечается легкая сонливость в первые дни терапии. Хороший препарат при длительном приеме, атопических процессов. Российская форма выпуска 1 мг.	0
phenibut_0.9880559610835393	Работать препаратом советую, но осторожно. Предлагаю титровать дозировку, а не подходить стандартно к схеме лечения. Если препарат подошёл, то эффект очень хороший! Действие в основном успокаивающее, чем ноотропное. Сочетается с вождением за рулём и алкоголем до 50 мл винных напитков. Что актуально на праздничные дни. Часто, как говорят: реакция наоборот, вызывает возбуждение и повышает тревогу.	1
phenibut_0.36463134044079637	Применяется для лечения астений, фобий, в комплексной терапии алкоголизма. Имеет мало побочных эффектов. Фенибут -  Фенибут стал менее доступен за счёт новых правил отпуска препарата аптеками. Требуется рецепт. Но это скорее плюс, так как препарат не для самолечения.	0
phenibut_0.5009309384142965	Хороший препарат при лечении астений, фобий, невротических нарушений, последствий черепно-мозговых травм. Фенибут - лекарство, относящееся к группе  У некоторых пациентов вызывает заторможенность, учитывать это при назначении водителям.	1
phenibut_0.20322198345830955	Отличный препарат, подходит как детям, так и взрослым, что является немаловажным аргументом, довольно быстрого действия. При эмоциональной лабильности препарат выбора. Цена зависит от страны производителя, с недавнего времени отпускается только по рецепту, рецепт можно получить у врача-невролога по месту жительства.	0
phenibut_0.3450395315205208	Перед назначением проконсультироваться с врачом.  Препарат доступен по цене. Отпускается по рецепту. "Фенибут" - хороший препарат для лечения эмоциональной лабильности, снижения чувства тревоги и т.д. Препарат не вызывает привыкания, улучшает сон. Побочных эффектов не наблюдала. Необходимо выбирать производителя.	0
loratadine_0.06384327592474814	Лучший препарат своего рода в соотношении "цена-качество". 100% благоприятный исход лечения, преимущественно в реабилитационный период после оперативных вмешательств ЧЛО. Курс назначается мной исключительно на 5 дней. Препарат подходит всем возрастным группам . Никаких побочных действий не наблюдалось	0
singulair_0.4845932907600874	В целом, считаю "Сингуляр" отличным препаратом. Необходимый препарат в аптечке у атопиков (бронхиальная астма, ринит, частые обструктивные бронхиты и ларинготрахеиты с аллергическим компонентом). Достойная альтернатива ИГКС. Но все мы индивидуальны и о 100% эффективности, конечно, речь идти не может. Но удобство приёма, качество препарата стоят внимания. Цена - пациенты периодически либо не заканчивают лечение, либо не берутся даже начинать.	0
singulair_0.20235373510514754	Препарат супер, в лечениии хронических аллергическо-полипозных риносинуситов показал очень хороший результат. Также хорошо себя показывает в лечении вазомторных ринитов. Препарат пьётся однократно - это очень радует, и эффективность, конечно, на очень хорошем уровне. Препарат дороговат, конечно, поэтому не каждый пациент может его позволить.	0
singulair_0.5204133760055657	Очень нравится препарат, во многих случаях это отличная альтернатива назначению/увеличению дозы стероидов при бронхиальной астме. Принимается 1 раз в сутки на ночь, что очень удобно для пациентов. Удобная дозировка в 4, 5 и 10 мг - для разных возрастов. С побочными эффектами препарата не встречалась ни разу, отлично переносится. Цена существенно ограничивает его назначение.	0
singulair_0.02594086748736668	Препарат очень порадовал своей эффективностью. После первого же приёма ребёнок проспал всю ночь, ни разу не проснувшись от кашля! Хорошо снимает бронхоспазм, прекрасное средство профилактики обострения аллергии. Отсутствие побочных эффектов в моей практике применения. Форма выпуска, однократный приём. Стоимость.	0
grandaxin_0.7760014616178	Когда "Грандаксин" появился, я его довольно часто назначал - в основном для тревожных пациентов с сердцебиением и неприятными ощущениями в грудной клетке, не связанными с заболеваниями сердца (хотя сами такие пациенты почти всегда убеждены, что у них именно кардиологическое заболевание). В настоящее время стали доступны более эффективные (на мой взгляд, ибо прямых сравнительных исследований никто не проводил) и не менее безопасные, чем "Грандаксин", противотревожные препараты. Вечером принимать нельзя - чревато бессонницей. Довольно слабое противотревожное средство.	1
grandaxin_0.8139395910008648	Широко используется в наркологической практике, особенно на выходе из абстинентного состояния. Является отличным мягким транквилизатором с психовегетативной регуляцией. Хорошо помогает при высоком уровне тревожности, апатии, чувстве "разбитости". Не даёт снотворного эффекта, хотя при курсовом приёме сон нормализует. Редко вызывает чувство тошноты.	1
grandaxin_0.7888399373717715	Доступный, мягкодействующий дневной транквилизатор! С эффектами вегетативно-эмоциональной стабилизации и умеренной психосоматической гармонизации. Возможность приёма коротким курсом - большой плюс.  По соотношению цена/качество - оптимальный препарат. Из редких побочных эффектов - снижение аппетита.	1
nasonex_0.095333391576513	Замечательный препарат. За многие годы доказал свою эффективность в лечении гипертрофии аденоидов, вазомоторного ринита, аллергического ринита. Побочных эффектов при применении препарата пациенты практически не отмечают. Преимущество данного препарата в том, что его можно назначать детям с двух лет. Высокая цена.	0
nasonex_0.31097995340647744	Хороший препарат, нареканий нет. Назначение после осмотра лор-врача. Препарат "Назонекс" - топический гормон, который очень эффективен при сезонных аллергических ринитах, аденоидах и хронических полипозных синуситах, также назначается после оперативного лечения на гайморовых пазухах. Цена препарата не соответствует его функции.	0
nasonex_0.786517947046285	Хороший препарат, рекомендую к использованию в клинической практике. Хороший препарат для лечения аллергического ринита, практически не обладает системным действием на организм, низкая вероятность развития побочных действий, возможно использование в педиатрии. Высокая стоимость, применять только по назначению врача.	0
nasonex_0.3048195747555288	Немного иссушает слизистую и может привести к носовым кровотечениям при бесконтрольном приёме, поэтому применять его нужно только по назначению врача. Отличный препарат для лечения гипертрофии аденоидов и аллергического ринита. Крайне редко встречаются побочные эффекты, поэтому можно назначать детям. Дорогой препарат, дженерики стоят дешевле, но не настолько значительно, чтобы сделать выбор в их пользу.	0
nasonex_0.897534016765301	Использовал для лечения хронического синусита - результат очень удивил: другие препараты после курса лечения снимали заложенность носа и облегчали носовое дыхание на какое-то время, но после использования назонекса отметил очень стойкий длительный эффект - более чем на пол года забыл что есть проблемы с носовым дыханием! Можно применять у детей даже маленьких (строго по показаниям и назначению врача!) Цена, конечно, дороговата, но сейчас эффективные препараты стоят недорого крайне редко.	0
nasonex_0.3078003479924776	Хороший препарат , давно искал,  снизилась частота приема  Страдаю сезонным аллергическим насморком более 35 лет,  начинается он аккурат  25-28 июля и длится до конца сентября. Перепробовал все. Назонекс использую последние 8 лет. Ринит как рукой сняло, традиционный галазолин на ночь, отошел на второй план, применяю редко.  не отметил неблагоприятных проявлений.	0
grandaxin_0.6431305049983363	В своей практике часто применяю грандаксин небольшими курсами в комплексе с другими препаратами. Начинает работать практически моментально. Пациенты его любят и, в отличие от других транквилизаторов, легко соглашаются на терапию в сочетании с грандаксином.  Двое пациенток отметили появление тахикардии поле приема грандаксина.	1
phenibut_0.08819801239120106	Эффект наступает быстро, хорошо переносится, в аптеках всегда есть. Препарат хорош при эмоциональной лабильности, перепадах настроения. Улучшает сон, снижает чувство тревоги и оказывает неплохой ноотропный эффект. Нужно обращать внимание на производителя (лучше отдать предпочтение латвийскому или болгарскому). Отпускается по рецепту.	0
phenibut_0.05729240258924573	Широко используется в педиатрической практике, при несоблюдении возрастных дозировок возможно развитие побочных эффектов. Широкий спектр заболеваний ЦНС, при которых можно использовать фенибут, средний терапевтический эффект. В зависимости от страны-производителя зависит насколько эффективным будет данный препарат.	0
phenibut_0.16002653071293138	Отличный препарат. Часто используется для купирования тревожных расстройств и улучшения сна. Практически не имеет побочных действий и нежелательных явлений, даже при длительном применении. Имеет много дженериков, необходимо обращать внимание при покупке, на производителя препарата. Отдавать предпочтение зарубежным фирмам.	0
phenibut_0.05690981445555465	Один из идеальных примеров того, каким должно быть лекарство. Хорошо переносится, быстро даёт эффект, подходит практически всем, стоит адекватно. Отлично помогает детям при неврозах. Отличная эффективность, высокий профиль безопасности, универсальность, низкая цена. Появились аналоги в 25-30 раз дороже.	0
phenibut_0.03804139274933993	Есть чудо-аналог под названием "Ноофен". Его, собственно, и рекомендую, если необходимо. А так, тот же "Анвифен" отлично работает. Препарат неплох в плане назначения в школьном возрасте в малых дозах - уменьшает гиперактивность, что позволяет улучшить процесс обучения. Необходимо выбирать производителя, так как есть отличие в эффективности.	0
phenibut_0.5090602272130974	Седативный препарат, усиливает действие транквилизаторов и нейролептиков, но по эффективности проигрывает "Анвифену", который ещё является и ноотропным препаратом, да и по форме приёма куда удобнее. Доступность, соотношение цена/качество. Старый препарат, не всегда эффективен, пациенты часто жалуются на желудочные побочные проявления.	1
phenibut_0.5086934710487105	Перед применением необходима консультация специалиста. Препарат не вызывает привыкания. При регулярном применении стабилизирует психоэмоциональный фон, улучшает засыпание и сон, улучшает мозговое кровообращение. При разовом применении снижает чувство тревоги, за счёт чего улучшаются когнитивные функции (незаменим при сдаче экзаменов в рекомендованных дозах). Необходимо выбирать производителя препарата.	0
wilprafen_0.7221542338683733	Препарат популярный, эффективный. Является  препаратом выбора при лечении ИППП. Вполне доступная средняя ценовая категория. Всегда есть в наличии в аптеках. Широкий спектр действия, хорошая переносимость, возможность назначения при беременности, минимум побочных эффектов. Иногда развивается диарея на фоне приёма препарата.	1
wilprafen_0.0023172124535862926	Использую в своей клинической практике для лечения микоплазмоза. Достаточно известный антибактериальный препарат, большим преимуществом является возможный приём во время лечения особенно при лечении некоторых заболеваний, передающихся половым путем. Достаточно высокая стоимость лекарственного препарата.	0
wilprafen_0.020696279885327074	Широкий спектр действия, безопасный для применения у беременных женщин. Официально разрешен для использования в акушерстве. Мало аллергических реакций, хороший эффект при инфекциях дыхательных путей. Часто лучше переносится, чем  Иногда бывают расстройства кишечника на фоне применения, как и при использовании других макролидов.	1
phenibut_0.06338687529161147	Много отзывов, все знают про фенибут. Стоит помнить также, что этот препарат делает наступление 3 фазы сна быстрее и поддерживает её дольше, за счёт чего человек полноценно отдыхает и "разгружается" от состояния внутреннего напряжения. Эффективный  Плохо, когда препарат назначается огульно, где надо и где не надо, без клинического ориентирования на данные электроэнцефалограммы. Коллеги-терапевты, если пользуетесь "Фенибутом" назначайте ЭЭГ до курса и через неделю после отмены препарата, оценивайте динамику. Понимания критериев при какой картине ЭЭГ лучше его назначать, а когда стоит воздержаться.	0
phenibut_0.8614451566159577	Препарат производится несколькими фармацевтическими заводами стран бывшего постсоветского пространства. По возможности, лучше отдать предпочтение препарату от фармацевтической компании "Олайнфарм" латвийского производства. Препарат обладает хорошими эффектами в сочетании с низкой токсичностью и редкими побочными эффектами.Отлично подходит людям, страдающим не тяжелыми невротическими расстройствами с тревожностью, страхами и беспокойством, а также тем, кому требуется быстро улучшить интеллектуальную функцию, выполнить большой объем умственной работы и при этом выдерживать стрессовую нагрузку. Цена.	0
chlorophylliptum_0.5605876669293158	Хороший эффективный антибактериальный противовоспалительный препарат. "Хлорофиллипт" - комбинированный препарат растительного происхождения с антибактериальным эффектом, прекрасно работает при воспалительных заболеваниях верхних дыхательных путей, при заболеваниях ротовой полости, глотки. Не наблюдал аллергических реакций. Можно применять у детей. Цена невысокая, что делает его доступным для применения. Необходимость приготовления раствора.	0
hexoral_0.6539476838207268	Рекомендую для фарингитов, тонзиллитов. Препарат работает, несмотря на свои недостатки в плане вкуса, возможность ожога (в практике за всё время не встречал). Видно эффект на 3 день приёма. Форма выпуска разнообразная (таблетки, раствор, аэрозоль) - это приятно и удобно. У аэрозоля специфический вкус.	0
wilprafen_0.49257524271902353	Использую в клинической практике для терапии микоплазменной инфекции. Безопасный антибактериальный препарат макролидового ряда. Возможно назначение во время беременности, необходимо соблюдение стандартов длительности антибактериальной терапии при любой нозологии. Высокая стоимость ограничивает назначение препарата.	0
wilprafen_0.5956503738100601	Отличный антибактериальный препарат широкого спектра действия. Практически 100% эффективность при применении на внутриклеточные инфектанты (микоплазмы, хламидии, уреаплазмы). Незаменим при беременности никаким другим препаратом при обнаружении данных инфекций. Не совсем удобен режим дозирования - прием препарата необходим 3 р./сутки.	0
wilprafen_0.3923169329461732	Этот препарат очень часто использую в своей врачебной практике. 1. Отлично подходит для лечения инфекции передающейся половым путем.  2. Разрешен к применению при беременности и лактации. 3. Минимум побочных эффектов. 4. Можно растворить до суспензии и дать ребенку. Не понравилось: 1. Размер таблетки: если пить целиком, то очень трудно проглотить. Выход есть: растворить до суспензии... но не всегда есть вода и кружка под рукой. 2. Цена: не из самых дешевых препаратов.	0
phenibut_0.03992278307121655	Ноотропный препарат с транквилизирующим эффектом. Подходит для детской практики при коррекции синдрома двигательной возбудимости с гиперактивностью, назначается во второй половине дня. Также может рекомендоваться как лёгкий успокоительный у взрослых. Может вызывать изжогу, в связи с кислым вкусом, поэтому назначается после еды.	1
phenibut_0.32139997928512165	Доступный препарат по цене и наличию в аптеках. Хороший препарат, назначается часто при различных пограничных расстройствах, более эффективен при нарушениях легкой степени. Дает седативный эффект. Применяется как у взрослых, так и у детей. Иногда пациенты отмечают отсутствие эффекта, но редко. Нужно выбирать производителя, это минус.	0
phenibut_0.07779989265812237	Использую часто и с успехом. При появлении побочных эффектов советую сменить производителя. Сочетание седативного и отчетливого ноотропного действия. Побочные эффекты были присущи определенному производителю, в частности препарат рижского производства побочных эффектов практически не давал. Эффективен при ситуационной тревоге, при астенических состояниях различного генеза. При лечении органических расстройств хорош в комплексе с другими препаратами. Латвийский дороговат. Московский и белорусский по цене вполне доступны, но побочные эффекты чаще. Парадоксальные эффекты в виде усиления тревоги и бессонницы отмечались именно на московском.	1
phenibut_0.4445905201670892	Применяю в повседневной практике. Доволен результатами. Важно соблюдать инструкцию. Сбалансированность противотревожного и ноотропного действия. Небольшая частота побочных эффектов. Периодически отмечаются парадоксальные реакции с повышением тревоги, общей перевозбуждённостью, особенно часто у детей дошкольного возраста.	1
phenibut_0.7383594815343062	Редки аллергические реакции. У пожилых легко возникают головокружения, да если они и так были??!! Хорош при зависимостях - при алкоголизме, у детей при невротических реакциях и пузыре при ночных страхах, гиперрефлекторном мочевом пузыре. Отличная группа препаратов, укрепляют мозговые функции и успокаивающий противотревожный эффект. Быстродействие+++. Хорошо подходит пожилым и детям. Может вызывать в начале седацию, головокружение, сухость во рту, тяжесть в голове.	1
phenibut_0.8164348036634945	Назначаю пациентам с диагнозом алкоголизм. На своей практике не встречал побочных эффектов. В течении первых трёх дней даёт лёгкий седативный эффект, удлиняет и усиливает действие транквилизаторов и нейролептиков (при лечении запойных состояний - удобно). Пациенты отмечают, что внимание и память на фоне приема препарата улучшаются! Цена.	0
chlorophylliptum_0.4848923908088789	Препарат недорогой, разрешен как деткам, так и взрослым. Часто этот препарат назначают педиатры, со слов аллергии не отмечали. Препарат достаточно неприятен в виде маслянистой формы. Считаю, что препарат можно принимать только несколько дней для профилактики, в период обострения заболевания препарат вряд ли поможет.	0
chlorophylliptum_0.7963783045647838	Прекрасный препарат. Особенно импонирует растительное происхождение. Привыкание микробной флоры не отмечено, к препарату чувствительны возбудители, резистентные к базовым антисептикам. Возможно проведение длительного курса лечения (полоскание горла до 2-3 -4 недель. Хорошо переносится. Некоторое неудобство - это необходимость приготовления раствора для полоскания непосредственно перед применением.	0
hexoral_0.8092320744612224	Подходит для снятия симптомов и лечения заболеваний горла. Хороший препарат в виде распылителя, даю также своему ребёнку для снятия симптомов и болей в горле, но не увлекаюсь, чтобы не сжечь слизистую. Нельзя есть после него хотя бы час-полтора, чтобы успел подействовать. Горький на вкус + надо правильно держать и "пшикать" именно в горло, а не на язык. В остальном претензий нет, случаев аллергии не наблюдал. Горечь во рту.	0
hexoral_0.4783910483962288	Я не соглашусь с отзывами, к сожалению! Ужасный на вкус. Эффект тоже от него практически никакой. Знаю пациентов, которые просто сожгли слизистую, следуя инструкции. Человек уже года 3 не может восстановить нормальные функции слизистой после него. Слышала, что детям брызгают - это же ужас! Обхожу стороной его.	0
hexoral_0.1850126276858325	На данный момент на рынка практически не имеет конкурентов, особенно после того как биопарокс сняли с производства. Часто рекомендую его своим пациентам и использую сама. Очень эффективный препарат, удобная дозировка (всего 2 впрыскивания в день), низкая частота встречаемости побочных эффектов, доступная цена. Не очень приятный вкус у препарата, встречаются аллергические реакции на него.	1
hexoral_0.6166048051793597	Цена соответствует качеству. Лечите ангины и фарингиты смело. Хорош также для профилактики острой боли в горле. Добрый день. Хочу выразить своё мнение о данном препарате. Очень хорош, есть одно но! Больше трёх раз брызгать в горло нельзя, на 5-6 и более впрысков возникает ожог горла! Не совсем хорош в частом использовании!	0
hexoral_0.6365589039598964	Из всех препаратов в виде спрея для горла по эффективности я отдаю предпочтение "Гексоралу". Применяется только утром и вечером, не надо брать с собой. Действие отличное. Разрешено детям. Применяю его при ангине в сочетании с другими препаратами. Не очень приятен на вкус, особенно ощущается в более младшем возрасте.	0
hexoral_0.3949100934044417	Препарат достаточно эффективен при правильном применении: то есть необходимо соблюдать кратность применения, длительность процедуры (при орошении, полоскании), ограничение приема пищи и жидкости в течение 30 мин после использования препарата, длительность курса лечения. Удобен для применения учащимся и работающим (утром и вечером). Таблетки для рассасывания.	0
hexoral_0.46847255164272406	В целом, препарат хороший, при первых признаках болей в горле эффективно. Пользуюсь им уже можно лет. Теперь применяю его и в лечении своих детей. Удобно, что в упаковке несколько насадок разного цвета, что удобно использовать для каждого члена семьи своя насадка. Вкусовые качества оставляют желать лучшего. Неприятные ощущения после применения, но не длительно.	0
hexoral_0.9267865790307438	Рекомендую к применению. Побочных действий не отмечалось. Переносится пациентами замечательно.  Хороший, эффективный препарат. Достаточно быстро наступает терапевтический эффект. Некоторые больные отказываются принимать по причине специфического вкуса. Но, на мой взгляд, ничего "Сверхъесте́ственного" в нем нет.	0
hexoral_0.38831967924707544	Отличный препарат! Использовал при ангине - очень эффективен, местно снимает воспаление и боль. Наверное, надо чередовать при болезнях. Если назначают - можете смело использовать, длительное действие. Есть в таблетках, и можно сочетать. Да. Щиплет при использовании, так как его основа - спирт.	0
strepsils-plus_0.11970957310088193	Рекомендовано детям с 12 лет, если нет аллергии на составляющие препарата - хороший выбор. Пусть будет в аптечке, ведь всё начинается к вечеру, когда в аптеку не побежишь (закрыта или бежать не хочется, сил нет). Препарат с хорошим терапевтическим действием. Опробовано на себе. Действительно обезболивает. Снимает кашель при раздражении слизистой. Антисептический эффект тоже устраивает. Цена вопроса.	0
strepsils-plus_0.07228995414391548	Применяется только в комплексной терапии при лечении катаральных явлений в горле (фарингиты, ангины и т.п.) Плюсом является добавление  Неоправданно высокая стоимость препарата.	0
sebidin_0.9570616327809339	Не рекомендую "увлекаться" данным препаратом. Не желательно долго использовать, так как препарат может изменять состав нормальной микрофлоры полости рта с последующим более лёгким возникновением стоматитов и вирусных поражений слизистой. Высокая стоимость, сказывается известный зарубежный производитель.	0
sebidin_0.25677872746192587	Эффект буквально через день. Очень приятные таблетки для рассасывания. Широкий спектр действия для полости рта. Как для горла, так и для лечения стоматологических заболеваний слизистой полости рта. Разрешен беременным и кормящим. Довольно дорогой для антисептика - 160-180 рублей. Можно заменить другими аналогами.	0
cordarone_0.989568610092594	Самостоятельно не принимать. "Кордарон" для в/в инъекций, хороший антиаритмический препарат, кроме аритмического эффекта обладает антиангинальным и коронарорасширяющим эффектом. Показан при нарушениях ритма сердца таких как: фибрилляция желудочков и предсердий, наджелудочковой пароксизмальной тахикардии. Доза и длительность терапии - индивидуально. Терапевтический эффект развивается через неделю приема. Не рекомендуется при дисфункции щитовидной железы.	0
allapinin_0.34455299274279994	Лечение антиаритмиками - дело непростое и требует высокой квалификации врача. Аллапинин - достойный антиаритмический препарат. Да, бывают побочные эффекты, но не надо думать, что они возникают у всех, кто его принимает. Начинать надо с маленькой дозы - 25 мг 1 раз в день. Попринимать её. Осмотреться. Если все в порядке, можно увеличить. Лечение аритмий сердца - пожалуй, одна из самых сложных задач в кардиологии, и не все врачи владеют этим. Конечно, предсказать побочные эффекты - возникнут или нет - невозможно. Поэтому такие препараты , как аллапинин, надо начинать с небольшой дозы. И надо четко осознавать: чего именно мы хотим достичь, принимая аллапинин. Антиаритмические препараты не улучшают прогноз, не увеличивают продолжительность жизни. Их используют только тогда, когда симптомы аритмии сильно мешают жить.	0
propanorm_0.554470170011942	Практиковать "таблетку в кармане", т.е. прием сразу 2-4 таблеток пропанорма для устранения пароксизма мерцательной аритмии, можно только приняв эту дозу первый раз под контролем/наблюдением врача, чтобы быть в поле зрения врача несколько часов. У некоторых людей могут быть нежелательные явления, которые нельзя предсказать заранее. Удобен для устранения редких пароксизмов мерцательной аритмии (фибрилляции предсердий). Гораздо менее удобен для профилактики этих пароксизмов, когда его надо принимать месяцами и годами 3 раза в день. При пароксизме мерцательной аритмии оптимально принимать не 150 мг ("ни о чем", как говорится), а 300 мг, и если эффекта нет через 2 часа - ещё 300 мг. Есть форма продленного действия, которую можно принимать 2 раза в день (но её трудно купить), а так - 150 мг 3 раза в день - неудобно.	0
propanorm_0.5826795011491414	Действующее вещество  Помогает при мерцательной аритмии пароксизмальной форме, особенно больным, которым нельзя  Не выявлено побочных эффектов.	0
ethacyzinum_0.7531363221596897	С этацизином надо быть очень осторожным и ни в коем случае не назначать его самому себе, без консультации с врачом. Ибо последствия - если не учесть противопоказаний - могут быть печальные... А так - назначал его неоднократно и при экстрасистолии, и при мерцательной аритмии (фибрилляции предсердий), и при некоторых других аритмиях, с хорошим результатом. Бывало, что  Не удобно, что принимать надо 3 раза в день. Однако, если аритмия имеет максимум частоты/выраженности в определенное время суток (например, ночью), можно приурочить прием именно к этому времени. Тогда надобности в трехкратном приеме не будет.	0